[
  {
    "id": 1,
    "nombre": "Oficina en Santiago de Cali",
    "descripcion": "Oficina moderna en Santiago de Cali, Colombia.",
    "precio": 4600,
    "ubicacion": "Santiago de Cali, Colombia",
    "image": "officesImgs/office1.webp"
  },
  {
    "id": 2,
    "nombre": "Oficina en Bogotá",
    "descripcion": "Moderna oficina en el centro de Bogotá, Colombia.",
    "precio": 4500,
    "ubicacion": "Bogotá, Colombia",
    "image": "officesImgs/office2.webp"
  },
  {
    "id": 3,
    "nombre": "Oficina en São Paulo",
    "descripcion": "Oficina ejecutiva en el distrito financiero de São Paulo, Brasil.",
    "precio": 6000,
    "ubicacion": "São Paulo, Brasil",
    "image": "officesImgs/office3.webp"
  },
  {
    "id": 4,
    "nombre": "Oficina en Ciudad de México",
    "descripcion": "Amplia oficina en el corazón de Ciudad de México.",
    "precio": 4800,
    "ubicacion": "Ciudad de México, México",
    "image": "officesImgs/office4.webp"
  },
  {
    "id": 5,
    "nombre": "Oficina en Buenos Aires",
    "descripcion": "Oficina elegante en el centro de Buenos Aires, Argentina.",
    "precio": 5500,
    "ubicacion": "Buenos Aires, Argentina",
    "image": "officesImgs/office5.webp"
  },
  {
    "id": 6,
    "nombre": "Oficina en Santiago",
    "descripcion": "Espaciosa oficina en el distrito financiero de Santiago, Chile.",
    "precio": 5200,
    "ubicacion": "Santiago, Chile",
    "image": "officesImgs/office6.webp"
  },
  {
    "id": 7,
    "nombre": "Oficina en Lima",
    "descripcion": "Oficina moderna en el centro de Lima, Perú.",
    "precio": 4300,
    "ubicacion": "Lima, Perú",
    "image": "officesImgs/office7.webp"
  },
  {
    "id": 8,
    "nombre": "Oficina en Río de Janeiro",
    "descripcion": "Oficina ejecutiva completamente equipada en Río de Janeiro, Brasil.",
    "precio": 5800,
    "ubicacion": "Río de Janeiro, Brasil",
    "image": "officesImgs/office8.webp"
  },
  {
    "id": 9,
    "nombre": "Oficina en Montevideo",
    "descripcion": "Cómoda oficina en el centro de Montevideo, Uruguay.",
    "precio": 4600,
    "ubicacion": "Montevideo, Uruguay",
    "image": "officesImgs/office9.webp"
  },
  {
    "id": 10,
    "nombre": "Oficina en Quito",
    "descripcion": "Oficina bien ubicada en Quito, Ecuador.",
    "precio": 4100,
    "ubicacion": "Quito, Ecuador",
    "image": "officesImgs/office10.webp"
  },
  {
    "id": 11,
    "nombre": "Oficina en Caracas",
    "descripcion": "Amplia oficina en Caracas, Venezuela.",
    "precio": 4900,
    "ubicacion": "Caracas, Venezuela",
    "image": "officesImgs/office11.webp"
  },
  {
    "id": 12,
    "nombre": "Oficina en San José",
    "descripcion": "Oficina en el centro de San José, Costa Rica.",
    "precio": 4200,
    "ubicacion": "San José, Costa Rica",
    "image": "officesImgs/office12.webp"
  }
]
  